run,fold,AUPRC,AUROC,Accuracy,Precision,Recall,F1_Score
40,1,0.3785685794590125,0.8198237885462556,0.9190283400809717,0.0,0.0,0.0
40,2,0.23839985976062766,0.7901254509233834,0.917004048582996,0.0,0.0,0.0
40,3,0.2350391722960744,0.7728422979594035,0.917004048582996,0.0,0.0,0.0
40,4,0.2469964546781646,0.7718193075970494,0.917004048582996,0.0,0.0,0.0
40,5,0.3756686511020123,0.8869205298013245,0.9188640973630832,0.0,0.0,0.0
40,1,0.35830011925579264,0.8433370044052864,0.9190283400809717,0.0,0.0,0.0
40,2,0.38260544563055787,0.8286221935067033,0.917004048582996,0.0,0.0,0.0
40,3,0.31830566385377973,0.8235610832929521,0.917004048582996,0.0,0.0,0.0
40,4,0.23597560414309035,0.8193075970494805,0.917004048582996,0.0,0.0,0.0
40,5,0.2467960361551932,0.7964128035320088,0.9188640973630832,0.0,0.0,0.0
40,1,0.304241979375666,0.8290748898678415,0.9190283400809717,0.0,0.0,0.0
40,2,0.33075588007369483,0.8036935336240779,0.917004048582996,0.0,0.0,0.0
40,3,0.27877843560336546,0.820815161794002,0.917004048582996,0.0,0.0,0.0
40,4,0.2810409057532424,0.796424917891563,0.917004048582996,0.0,0.0,0.0
40,5,0.23940188591480027,0.7956401766004415,0.9188640973630832,0.0,0.0,0.0
40,1,0.43745417403294645,0.81784140969163,0.9190283400809717,0.0,0.0,0.0
40,2,0.27079932940789436,0.8476821192052981,0.917004048582996,0.0,0.0,0.0
40,3,0.2738896775881908,0.8453130888924782,0.917004048582996,0.0,0.0,0.0
40,4,0.24485544079027216,0.7690195445000808,0.917004048582996,0.0,0.0,0.0
40,5,0.2467214339779512,0.8077814569536423,0.9188640973630832,0.0,0.0,0.0
40,1,0.299850824960886,0.8136563876651983,0.9190283400809717,0.0,0.0,0.0
40,2,0.2607505640536183,0.8248532816453992,0.917004048582996,0.0,0.0,0.0
40,3,0.34661732587408184,0.8346524524847897,0.917004048582996,0.0,0.0,0.0
40,4,0.32543548937852673,0.8333064125343241,0.917004048582996,0.0,0.0,0.0
40,5,0.20807340672612756,0.7792770419426049,0.9188640973630832,0.0,0.0,0.0
40,1,0.23785753944365481,0.8139867841409691,0.9190283400809717,0.0,0.0,0.0
40,2,0.24702242281284653,0.770150218058472,0.917004048582996,0.0,0.0,0.0
40,3,0.2978029369077539,0.8097237926021644,0.917004048582996,0.0,0.0,0.0
40,4,0.27028682405284943,0.8145156948258223,0.917004048582996,0.0,0.0,0.0
40,5,0.4503850915077051,0.842384105960265,0.9188640973630832,0.0,0.0,0.0
40,1,0.3574587354310114,0.8735132158590309,0.9190283400809717,0.0,0.0,0.0
40,2,0.2912523453096563,0.8118774565229097,0.917004048582996,0.0,0.0,0.0
40,3,0.297039725502813,0.7808108544661605,0.917004048582996,0.0,0.0,0.0
40,4,0.2089719368908615,0.7911484412857375,0.917004048582996,0.0,0.0,0.0
40,5,0.3090143895825844,0.8040838852097131,0.9188640973630832,0.0,0.0,0.0
40,1,0.30829146714724526,0.8378854625550661,0.9190283400809717,0.0,0.0,0.0
40,2,0.26648685657769217,0.8052549399666182,0.917004048582996,0.0,0.0,0.0
40,3,0.2062011158329035,0.804985731976525,0.917004048582996,0.0,0.0,0.0
40,4,0.2976523040720134,0.7605125720131374,0.917004048582996,0.0,0.0,0.0
40,5,0.42607284186043487,0.842384105960265,0.9188640973630832,0.0,0.0,0.0
40,1,0.3321703409873287,0.7738436123348018,0.9190283400809717,0.0,0.0,0.0
40,2,0.2641379582699408,0.8310450654175415,0.917004048582996,0.0,0.0,0.0
40,3,0.2867668996469824,0.8136542292575244,0.917004048582996,0.0,0.0,0.0
40,4,0.2223725548068501,0.8007860873310719,0.917004048582996,0.0,0.0,0.0
40,5,0.30076750949148323,0.7948123620309051,0.9188640973630832,0.0,0.0,0.0
40,1,0.2521027696717134,0.7715308370044053,0.9190283400809717,0.0,0.0,0.0
40,2,0.22947053404751638,0.7905561837075324,0.917004048582996,0.0,0.0,0.0
40,3,0.3062596803867244,0.8201152210197599,0.917004048582996,0.0,0.0,0.0
40,4,0.32166784574723073,0.8442362569321058,0.917004048582996,0.0,0.0,0.0
40,5,0.3051258157744965,0.7940397350993377,0.9188640973630832,0.0,0.0,0.0
40,1,0.26723176069657056,0.8240088105726872,0.9190283400809717,0.0,0.0,0.0
40,2,0.31340747354355164,0.8390136219242987,0.917004048582996,0.0,0.0,0.0
40,3,0.33260509905545954,0.7772034673989123,0.917004048582996,0.0,0.0,0.0
40,4,0.22378935427827218,0.7644430086684973,0.917004048582996,0.0,0.0,0.0
40,5,0.3204303778965703,0.8677704194260485,0.9188640973630832,0.0,0.0,0.0
40,1,0.2584946083016533,0.8150330396475771,0.9190283400809717,0.0,0.0,0.0
40,2,0.3184424380363413,0.8056318311527485,0.917004048582996,0.0,0.0,0.0
40,3,0.39453367488342844,0.8306143326333926,0.917004048582996,0.0,0.0,0.0
40,4,0.277135218973201,0.780164755289937,0.917004048582996,0.0,0.0,0.0
40,5,0.24819858197640887,0.8055739514348786,0.9188640973630832,0.0,0.0,0.0
40,1,0.24338344617790675,0.7697687224669604,0.9190283400809717,0.0,0.0,0.0
40,2,0.22854967424210962,0.7389220912076669,0.917004048582996,0.0,0.0,0.0
40,3,0.3169661349856112,0.8453669304904969,0.917004048582996,0.0,0.0,0.0
40,4,0.312543286603782,0.8055779895547299,0.917004048582996,0.0,0.0,0.0
40,5,0.4106593659874936,0.8692052980132451,0.9188640973630832,0.0,0.0,0.0
40,1,0.23409181438460402,0.8039647577092511,0.9190283400809717,0.0,0.0,0.0
40,2,0.41881826266029043,0.8373445323857212,0.917004048582996,0.0,0.0,0.0
40,3,0.25580315302691903,0.8081085446616056,0.917004048582996,0.0,0.0,0.0
40,4,0.29690219825487707,0.8076778118774566,0.917004048582996,0.0,0.0,0.0
40,5,0.32958757322706744,0.8136865342163355,0.9188640973630832,0.0,0.0,0.0
40,1,0.3860584854737294,0.8337004405286343,0.9190283400809717,0.0,0.0,0.0
40,2,0.3307586074665769,0.7725730899693103,0.917004048582996,0.0,0.0,0.0
40,3,0.30410797544737744,0.8641576481989985,0.917004048582996,0.0,0.0,0.0
40,4,0.32488269754999094,0.8169385667366607,0.917004048582996,0.0,0.0,0.0
40,5,0.2993389233556639,0.8305187637969095,0.9188640973630832,0.0,0.0,0.0
40,1,0.31084148488655466,0.8396475770925109,0.9190283400809717,0.0,0.0,0.0
40,2,0.23487352847416604,0.7659505734130188,0.917004048582996,0.0,0.0,0.0
40,3,0.2772714815058316,0.8246917568513434,0.917004048582996,0.0,0.0,0.0
40,4,0.3040453090099115,0.7731115059494965,0.917004048582996,0.0,0.0,0.0
40,5,0.2236111130004323,0.8014348785871964,0.9188640973630832,0.0,0.0,0.0
40,1,0.3306449630619815,0.843226872246696,0.9190283400809717,0.0,0.0,0.0
40,2,0.3640536531090517,0.8124158725030959,0.917004048582996,0.0,0.0,0.0
40,3,0.4152456294477798,0.8565121412803532,0.917004048582996,0.0,0.0,0.0
40,4,0.2724546129958679,0.7748344370860927,0.917004048582996,0.0,0.0,0.0
40,5,0.19112509871639421,0.7437637969094923,0.9188640973630832,0.0,0.0,0.0
40,1,0.2028084760387934,0.7719988986784141,0.9190283400809717,0.0,0.0,0.0
40,2,0.3813418056979178,0.8510741398804716,0.917004048582996,0.0,0.0,0.0
40,3,0.27831715474765756,0.808485435847736,0.917004048582996,0.0,0.0,0.0
40,4,0.36950602123537046,0.8007053249340441,0.917004048582996,0.0,0.0,0.0
40,5,0.3926842788452056,0.813355408388521,0.9188640973630832,0.0,0.0,0.0
40,1,0.33497311161895266,0.886729074889868,0.9190283400809717,0.0,0.0,0.0
40,2,0.2805163832762213,0.8120389813169655,0.917004048582996,0.0,0.0,0.0
40,3,0.255972365817314,0.7839875087492597,0.917004048582996,0.0,0.0,0.0
40,4,0.2808124221274776,0.7970171754697679,0.917004048582996,0.0,0.0,0.0
40,5,0.238683860542808,0.7639072847682119,0.9188640973630832,0.0,0.0,0.0
40,1,0.302495498927493,0.8223568281938325,0.9190283400809717,0.0,0.0,0.0
40,2,0.33758080666866086,0.821245894578151,0.917004048582996,0.0,0.0,0.0
40,3,0.3292270117786587,0.8075701286814193,0.917004048582996,0.0,0.0,0.0
40,4,0.2130426554468137,0.7857642814838744,0.917004048582996,0.0,0.0,0.0
40,5,0.324007550976733,0.8270971302428256,0.9188640973630832,0.0,0.0,0.0
40,1,0.22868325359517033,0.7599118942731277,0.9190283400809717,0.0,0.0,0.0
40,2,0.35865699694222786,0.8379906315619446,0.917004048582996,0.0,0.0,0.0
40,3,0.2843227640422382,0.8179615570990147,0.917004048582996,0.0,0.0,0.0
40,4,0.28207163649046174,0.8344909276907339,0.917004048582996,0.0,0.0,0.0
40,5,0.2898232572047572,0.7931015452538632,0.9188640973630832,0.0,0.0,0.0
40,1,0.31207876423452946,0.8476321585903084,0.9190283400809717,0.0,0.0,0.0
40,2,0.2687914991395763,0.7743498627039249,0.917004048582996,0.0,0.0,0.0
40,3,0.32892232627662327,0.8511010606794811,0.917004048582996,0.0,0.0,0.0
40,4,0.2777120488221817,0.8145156948258224,0.917004048582996,0.0,0.0,0.0
40,5,0.2617394850597807,0.8158388520971303,0.9188640973630832,0.0,0.0,0.0
40,1,0.32098173923052364,0.8392070484581498,0.9190283400809717,0.0,0.0,0.0
40,2,0.2820791719292207,0.8411403650460346,0.917004048582996,0.0,0.0,0.0
40,3,0.3655582583005617,0.8204382706078716,0.917004048582996,0.0,0.0,0.0
40,4,0.3201412725105971,0.8022936520755937,0.917004048582996,0.0,0.0,0.0
40,5,0.2150144114155052,0.7614790286975718,0.9188640973630832,0.0,0.0,0.0
40,1,0.31771828889113707,0.8335903083700442,0.9190283400809717,0.0,0.0,0.0
40,2,0.19544189627608097,0.7589511656705971,0.917004048582996,0.0,0.0,0.0
40,3,0.24146533679715232,0.7872718462283961,0.917004048582996,0.0,0.0,0.0
40,4,0.2547927946994673,0.7815646368384214,0.917004048582996,0.0,0.0,0.0
40,5,0.38117880385257313,0.8718543046357616,0.9188640973630832,0.0,0.0,0.0
40,1,0.2995534183170061,0.8196585903083701,0.9190283400809717,0.0,0.0,0.0
40,2,0.38950693651652774,0.7945943035589296,0.917004048582996,0.0,0.0,0.0
40,3,0.2816942266404002,0.7907177085015884,0.917004048582996,0.0,0.0,0.0
40,4,0.31649418404304525,0.8436978409519195,0.917004048582996,0.0,0.0,0.0
40,5,0.38552646855586115,0.8541390728476821,0.9188640973630832,0.0,0.0,0.0
40,1,0.31374570383270095,0.8589757709251101,0.9190283400809717,0.0,0.0,0.0
40,2,0.28860651448882757,0.7685888117159316,0.917004048582996,0.0,0.0,0.0
40,3,0.3005296645661777,0.7992785225865504,0.917004048582996,0.0,0.0,0.0
40,4,0.32374296590345103,0.8279222527324611,0.917004048582996,0.0,0.0,0.0
40,5,0.34143902218149613,0.7983443708609271,0.9188640973630832,0.0,0.0,0.0
40,1,0.3343213744804049,0.8204845814977973,0.9190283400809717,0.0,0.0,0.0
40,2,0.38852022008183673,0.8594195875733591,0.917004048582996,0.0,0.0,0.0
40,3,0.2362021686650268,0.7712270500188446,0.917004048582996,0.0,0.0,0.0
40,4,0.21947432148396265,0.7581973832983363,0.917004048582996,0.0,0.0,0.0
40,5,0.31939231313934835,0.8533664459161148,0.9188640973630832,0.0,0.0,0.0
40,1,0.37055364471152,0.8143722466960353,0.9190283400809717,0.0,0.0,0.0
40,2,0.3919693763185094,0.8564582996823346,0.917004048582996,0.0,0.0,0.0
40,3,0.2585622270468946,0.8136003876595057,0.917004048582996,0.0,0.0,0.0
40,4,0.25274275551237235,0.8228073009206913,0.917004048582996,0.0,0.0,0.0
40,5,0.25958296449798635,0.7908388520971302,0.9188640973630832,0.0,0.0,0.0
40,1,0.29634644295370954,0.8044052863436123,0.9190283400809717,0.0,0.0,0.0
40,2,0.31358165271465865,0.8347062940828084,0.917004048582996,0.0,0.0,0.0
40,3,0.2682259477515995,0.7917406988639423,0.917004048582996,0.0,0.0,0.0
40,4,0.2340375896009519,0.8027782264577613,0.917004048582996,0.0,0.0,0.0
40,5,0.4038579388448318,0.8450883002207505,0.9188640973630832,0.0,0.0,0.0
40,1,0.3271026032886733,0.8174559471365639,0.9190283400809717,0.0,0.0,0.0
40,2,0.2192886445706438,0.77375760512572,0.917004048582996,0.0,0.0,0.0
40,3,0.3064543056148766,0.8338448285145104,0.917004048582996,0.0,0.0,0.0
40,4,0.21259029392843562,0.7998707801647553,0.917004048582996,0.0,0.0,0.0
40,5,0.3691772423968947,0.8311810154525386,0.9188640973630832,0.0,0.0,0.0
